<?xml version="1.0" encoding="UTF-8"?>
<GenRun Id="impl_1" LaunchPart="xc7z010clg400-1" LaunchTime="1706681515">
  <File Type="ROUTE-PWR" Name="processing_system_wrapper_power_routed.rpt"/>
  <File Type="PA-TCL" Name="processing_system_wrapper.tcl"/>
  <File Type="ROUTE-PWR-SUM" Name="processing_system_wrapper_power_summary_routed.pb"/>
  <File Type="REPORTS-TCL" Name="processing_system_wrapper_reports.tcl"/>
  <File Type="BITSTR-MSK" Name="processing_system_wrapper.msk"/>
  <File Type="ROUTE-CLK" Name="processing_system_wrapper_clock_utilization_routed.rpt"/>
  <File Type="RDI-RDI" Name="processing_system_wrapper.vdi"/>
  <File Type="POSTROUTE-PHYSOPT-BUS-SKEW-PB" Name="processing_system_wrapper_bus_skew_postroute_physopted.pb"/>
  <File Type="BG-BIT" Name="processing_system_wrapper.bit"/>
  <File Type="BG-DRC" Name="processing_system_wrapper.drc"/>
  <File Type="BG-BGN" Name="processing_system_wrapper.bgn"/>
  <File Type="BG-BIN" Name="processing_system_wrapper.bin"/>
  <File Type="BITSTR-RBT" Name="processing_system_wrapper.rbt"/>
  <File Type="BITSTR-NKY" Name="processing_system_wrapper.nky"/>
  <File Type="BITSTR-BMM" Name="processing_system_wrapper_bd.bmm"/>
  <File Type="BITSTR-MMI" Name="processing_system_wrapper.mmi"/>
  <File Type="ROUTE-METHODOLOGY-DRC" Name="processing_system_wrapper_methodology_drc_routed.rpt"/>
  <File Type="BITSTR-SYSDEF" Name="processing_system_wrapper.sysdef"/>
  <File Type="BITSTR-LTX" Name="debug_nets.ltx"/>
  <File Type="BITSTR-LTX" Name="processing_system_wrapper.ltx"/>
  <File Type="WBT-USG" Name="usage_statistics_webtalk.html"/>
  <File Type="OPT-DRC" Name="processing_system_wrapper_drc_opted.rpt"/>
  <File Type="OPT-HWDEF" Name="processing_system_wrapper.hwdef"/>
  <File Type="PLACE-IO" Name="processing_system_wrapper_io_placed.rpt"/>
  <File Type="PLACE-UTIL" Name="processing_system_wrapper_utilization_placed.rpt"/>
  <File Type="PLACE-UTIL-PB" Name="processing_system_wrapper_utilization_placed.pb"/>
  <File Type="PLACE-CTRL" Name="processing_system_wrapper_control_sets_placed.rpt"/>
  <File Type="PLACE-PRE-SIMILARITY" Name="processing_system_wrapper_incremental_reuse_pre_placed.rpt"/>
  <File Type="ROUTE-DRC" Name="processing_system_wrapper_drc_routed.rpt"/>
  <File Type="ROUTE-DRC-PB" Name="processing_system_wrapper_drc_routed.pb"/>
  <File Type="ROUTE-PWR-RPX" Name="processing_system_wrapper_power_routed.rpx"/>
  <File Type="ROUTE-STATUS" Name="processing_system_wrapper_route_status.rpt"/>
  <File Type="ROUTE-STATUS-PB" Name="processing_system_wrapper_route_status.pb"/>
  <File Type="ROUTE-DCP" Name="processing_system_wrapper_routed.dcp"/>
  <File Type="ROUTE-ERROR-DCP" Name="processing_system_wrapper_routed_error.dcp"/>
  <File Type="ROUTE-BLACKBOX-DCP" Name="processing_system_wrapper_routed_bb.dcp"/>
  <File Type="ROUTE-TIMINGSUMMARY" Name="processing_system_wrapper_timing_summary_routed.rpt"/>
  <File Type="ROUTE-TIMING-PB" Name="processing_system_wrapper_timing_summary_routed.pb"/>
  <File Type="ROUTE-TIMING-RPX" Name="processing_system_wrapper_timing_summary_routed.rpx"/>
  <File Type="ROUTE-SIMILARITY" Name="processing_system_wrapper_incremental_reuse_routed.rpt"/>
  <File Type="ROUTE-BUS-SKEW" Name="processing_system_wrapper_bus_skew_routed.rpt"/>
  <File Type="ROUTE-BUS-SKEW-PB" Name="processing_system_wrapper_bus_skew_routed.pb"/>
  <File Type="ROUTE-BUS-SKEW-RPX" Name="processing_system_wrapper_bus_skew_routed.rpx"/>
  <File Type="OPT-DCP" Name="processing_system_wrapper_opt.dcp"/>
  <File Type="PLACE-DCP" Name="processing_system_wrapper_placed.dcp"/>
  <File Type="PWROPT-DCP" Name="processing_system_wrapper_pwropt.dcp"/>
  <File Type="POSTPLACE-PWROPT-DCP" Name="processing_system_wrapper_postplace_pwropt.dcp"/>
  <File Type="PHYSOPT-DCP" Name="processing_system_wrapper_physopt.dcp"/>
  <File Type="POSTROUTE-PHYSOPT-DCP" Name="processing_system_wrapper_postroute_physopt.dcp"/>
  <File Type="POSTROUTE-PHYSOPT-BLACKBOX-DCP" Name="processing_system_wrapper_postroute_physopt_bb.dcp"/>
  <File Type="POSTROUTE-PHYSOPT-TIMING" Name="processing_system_wrapper_timing_summary_postroute_physopted.rpt"/>
  <File Type="POSTROUTE-PHYSOPT-TIMING-PB" Name="processing_system_wrapper_timing_summary_postroute_physopted.pb"/>
  <File Type="POSTROUTE-PHYSOPT-TIMING-RPX" Name="processing_system_wrapper_timing_summary_postroute_physopted.rpx"/>
  <File Type="POSTROUTE-PHYSOPT-BUS-SKEW" Name="processing_system_wrapper_bus_skew_postroute_physopted.rpt"/>
  <File Type="POSTROUTE-PHYSOPT-BUS-SKEW-RPX" Name="processing_system_wrapper_bus_skew_postroute_physopted.rpx"/>
  <File Type="ROUTE-METHODOLOGY-DRC-PB" Name="processing_system_wrapper_methodology_drc_routed.pb"/>
  <File Type="ROUTE-DRC-RPX" Name="processing_system_wrapper_drc_routed.rpx"/>
  <File Type="ROUTE-METHODOLOGY-DRC-RPX" Name="processing_system_wrapper_methodology_drc_routed.rpx"/>
  <File Type="PDI-FILE" Name="processing_system_wrapper.pdi"/>
  <File Type="BOOT-PDI-FILE" Name="processing_system_wrapper_boot.pdi"/>
  <File Type="PL-PDI-FILE" Name="processing_system_wrapper_pld.pdi"/>
  <File Type="RCFI_FILE" Name="processing_system_wrapper.rcfi"/>
  <File Type="CFI_FILE" Name="processing_system_wrapper.cfi"/>
  <File Type="RNPI_FILE" Name="processing_system_wrapper.rnpi"/>
  <File Type="NPI_FILE" Name="processing_system_wrapper.npi"/>
  <File Type="RBD_FILE" Name="processing_system_wrapper.rbd"/>
  <File Type="ROUTE-RQS" Name="processing_system_wrapper_routed.rqs"/>
  <File Type="POSTROUTE-PHYSOPT-RQS" Name="processing_system_wrapper_postroute_physopted.rqs"/>
  <File Type="ROUTE-RQS-RPT" Name="route_report_qor_suggestions_0.rpt"/>
  <File Type="POSTROUTE-PHYSOPT-RQS-RPT" Name="postroute_physopt_report_qor_suggestions_0.rpt"/>
  <FileSet Name="sources" Type="DesignSrcs" RelSrcDir="$PSRCDIR/sources_1" RelGenDir="$PGENDIR/sources_1">
    <Filter Type="Srcs"/>
    <File Path="$PSRCDIR/sources_1/new/adc_to_axis.vhd">
      <FileInfo>
        <Attr Name="UsedIn" Val="synthesis"/>
        <Attr Name="UsedIn" Val="simulation"/>
      </FileInfo>
    </File>
    <File Path="$PSRCDIR/sources_1/bd/processing_system/processing_system.bd">
      <FileInfo>
        <Attr Name="ImportPath" Val="$PPRDIR/../adc_test_2/adc_test_2.srcs/sources_1/bd/processing_system/processing_system.bd"/>
        <Attr Name="ImportTime" Val="1706577396"/>
        <Attr Name="UsedIn" Val="synthesis"/>
        <Attr Name="UsedIn" Val="implementation"/>
        <Attr Name="UsedIn" Val="simulation"/>
      </FileInfo>
    </File>
    <File Path="$PGENDIR/sources_1/bd/processing_system/hdl/processing_system_wrapper.vhd">
      <FileInfo>
        <Attr Name="ImportPath" Val="$PPRDIR/../adc_test_2/adc_test_2.gen/sources_1/bd/processing_system/hdl/processing_system_wrapper.vhd"/>
        <Attr Name="ImportTime" Val="1706576590"/>
        <Attr Name="UsedIn" Val="synthesis"/>
        <Attr Name="UsedIn" Val="simulation"/>
      </FileInfo>
    </File>
    <File Path="$PSRCDIR/sources_1/new/adc.vhd">
      <FileInfo>
        <Attr Name="AutoDisabled" Val="1"/>
        <Attr Name="ImportPath" Val="$PPRDIR/../adc_test_2/adc_test_2.srcs/sources_1/new/adc.vhd"/>
        <Attr Name="ImportTime" Val="1706507760"/>
        <Attr Name="UsedIn" Val="synthesis"/>
        <Attr Name="UsedIn" Val="simulation"/>
      </FileInfo>
    </File>
    <File Path="$PSRCDIR/sources_1/new/led.vhd">
      <FileInfo>
        <Attr Name="AutoDisabled" Val="1"/>
        <Attr Name="ImportPath" Val="$PPRDIR/../adc_test_2/adc_test_2.srcs/sources_1/new/led.vhd"/>
        <Attr Name="ImportTime" Val="1706507763"/>
        <Attr Name="UsedIn" Val="synthesis"/>
        <Attr Name="UsedIn" Val="simulation"/>
      </FileInfo>
    </File>
    <File Path="$PSRCDIR/sources_1/new/top.vhd">
      <FileInfo>
        <Attr Name="AutoDisabled" Val="1"/>
        <Attr Name="ImportPath" Val="$PPRDIR/../adc_test_2/adc_test_2.srcs/sources_1/new/top.vhd"/>
        <Attr Name="ImportTime" Val="1706575462"/>
        <Attr Name="UsedIn" Val="synthesis"/>
        <Attr Name="UsedIn" Val="simulation"/>
      </FileInfo>
    </File>
    <File Path="$PSRCDIR/sources_1/new/top_2.vhd">
      <FileInfo>
        <Attr Name="AutoDisabled" Val="1"/>
        <Attr Name="ImportPath" Val="$PPRDIR/../adc_test_2/adc_test_2.srcs/sources_1/new/top_2.vhd"/>
        <Attr Name="ImportTime" Val="1706511638"/>
        <Attr Name="UsedIn" Val="synthesis"/>
        <Attr Name="UsedIn" Val="simulation"/>
      </FileInfo>
    </File>
    <Config>
      <Option Name="DesignMode" Val="RTL"/>
      <Option Name="TopModule" Val="processing_system_wrapper"/>
    </Config>
  </FileSet>
  <FileSet Name="constrs_in" Type="Constrs" RelSrcDir="$PSRCDIR/constrs_1" RelGenDir="$PGENDIR/constrs_1">
    <Filter Type="Constrs"/>
    <File Path="$PSRCDIR/constrs_1/new/adc.xdc">
      <FileInfo>
        <Attr Name="ImportPath" Val="$PPRDIR/../adc_test_2/adc_test_2.srcs/constrs_1/new/adc.xdc"/>
        <Attr Name="ImportTime" Val="1706575383"/>
        <Attr Name="UsedIn" Val="synthesis"/>
        <Attr Name="UsedIn" Val="implementation"/>
      </FileInfo>
    </File>
    <File Path="$PSRCDIR/constrs_1/new/led.xdc">
      <FileInfo>
        <Attr Name="ImportPath" Val="$PPRDIR/../adc_test_2/adc_test_2.srcs/constrs_1/new/led.xdc"/>
        <Attr Name="ImportTime" Val="1706491120"/>
        <Attr Name="UsedIn" Val="synthesis"/>
        <Attr Name="UsedIn" Val="implementation"/>
      </FileInfo>
    </File>
    <Config>
      <Option Name="ConstrsType" Val="XDC"/>
    </Config>
  </FileSet>
  <FileSet Name="utils" Type="Utils" RelSrcDir="$PSRCDIR/utils_1" RelGenDir="$PGENDIR/utils_1">
    <Filter Type="Utils"/>
    <File Path="$PSRCDIR/utils_1/imports/synth_1/top.dcp">
      <FileInfo>
        <Attr Name="ImportPath" Val="$PPRDIR/../adc_test_2/adc_test_2.srcs/utils_1/imports/synth_1/top.dcp"/>
        <Attr Name="ImportTime" Val="1706576589"/>
        <Attr Name="UsedIn" Val="synthesis"/>
        <Attr Name="UsedIn" Val="implementation"/>
        <Attr Name="UsedInSteps" Val="synth_1"/>
        <Attr Name="AutoDcp" Val="1"/>
      </FileInfo>
    </File>
    <Config>
      <Option Name="TopAutoSet" Val="TRUE"/>
    </Config>
  </FileSet>
  <Strategy Version="1" Minor="2">
    <StratHandle Name="Vivado Implementation Defaults" Flow="Vivado Implementation 2023"/>
    <Step Id="init_design"/>
    <Step Id="opt_design"/>
    <Step Id="power_opt_design"/>
    <Step Id="place_design"/>
    <Step Id="post_place_power_opt_design"/>
    <Step Id="phys_opt_design"/>
    <Step Id="route_design"/>
    <Step Id="post_route_phys_opt_design"/>
    <Step Id="write_bitstream"/>
    <Step Id="write_device_image"/>
  </Strategy>
  <BlockFileSet Type="BlockSrcs" Name="processing_system_processing_system7_0_0"/>
  <BlockFileSet Type="BlockSrcs" Name="processing_system_adc_to_axis_0_0"/>
</GenRun>
