<?xml version="1.0"?>
<Runs Version="1" Minor="0">
	<Run Id="processing_system_xbar_0_synth_1" LaunchDir="C:/Users/aidan/Portfolio/FPGA Designs/adc_to_ps/adc_to_ps.runs/processing_system_xbar_0_synth_1" FlowId="Vivado_Synthesis" FromStepId="vivado" ToStepId="vivado"/>
	<Run Id="processing_system_s02_data_fifo_0_synth_1" LaunchDir="C:/Users/aidan/Portfolio/FPGA Designs/adc_to_ps/adc_to_ps.runs/processing_system_s02_data_fifo_0_synth_1" FlowId="Vivado_Synthesis" FromStepId="vivado" ToStepId="vivado"/>
	<Run Id="processing_system_s01_data_fifo_0_synth_1" LaunchDir="C:/Users/aidan/Portfolio/FPGA Designs/adc_to_ps/adc_to_ps.runs/processing_system_s01_data_fifo_0_synth_1" FlowId="Vivado_Synthesis" FromStepId="vivado" ToStepId="vivado"/>
	<Run Id="processing_system_s00_data_fifo_2_synth_1" LaunchDir="C:/Users/aidan/Portfolio/FPGA Designs/adc_to_ps/adc_to_ps.runs/processing_system_s00_data_fifo_2_synth_1" FlowId="Vivado_Synthesis" FromStepId="vivado" ToStepId="vivado"/>
	<Run Id="processing_system_s00_data_fifo_1_synth_1" LaunchDir="C:/Users/aidan/Portfolio/FPGA Designs/adc_to_ps/adc_to_ps.runs/processing_system_s00_data_fifo_1_synth_1" FlowId="Vivado_Synthesis" FromStepId="vivado" ToStepId="vivado"/>
	<Run Id="processing_system_s00_regslice_0_synth_1" LaunchDir="C:/Users/aidan/Portfolio/FPGA Designs/adc_to_ps/adc_to_ps.runs/processing_system_s00_regslice_0_synth_1" FlowId="Vivado_Synthesis" FromStepId="vivado" ToStepId="vivado"/>
	<Run Id="synth_1" LaunchDir="C:/Users/aidan/Portfolio/FPGA Designs/adc_to_ps/adc_to_ps.runs/synth_1" FlowId="Vivado_Synthesis" FromStepId="vivado" ToStepId="vivado">
		<Parent Id="processing_system_xbar_0_synth_1"/>
		<Parent Id="processing_system_s02_data_fifo_0_synth_1"/>
		<Parent Id="processing_system_s01_data_fifo_0_synth_1"/>
		<Parent Id="processing_system_s00_data_fifo_2_synth_1"/>
		<Parent Id="processing_system_s00_data_fifo_1_synth_1"/>
		<Parent Id="processing_system_s00_regslice_0_synth_1"/>
	</Run>
	<Run Id="impl_1" LaunchDir="C:/Users/aidan/Portfolio/FPGA Designs/adc_to_ps/adc_to_ps.runs/impl_1" FlowId="Vivado_Implementation" FromStepId="init_design" ToStepId="route_design">
		<Parent Id="synth_1"/>
		<Parent Id="processing_system_xbar_0_synth_1"/>
		<Parent Id="processing_system_s02_data_fifo_0_synth_1"/>
		<Parent Id="processing_system_s01_data_fifo_0_synth_1"/>
		<Parent Id="processing_system_s00_data_fifo_2_synth_1"/>
		<Parent Id="processing_system_s00_data_fifo_1_synth_1"/>
		<Parent Id="processing_system_s00_regslice_0_synth_1"/>
	</Run>
	<Parameters>
		<Parameter Name="runs.monitorLSFJobs" Val="true" Type="bool"/>
		<Parameter Name="runs.enableClusterConf" Val="true" Type="bool"/>
		<Parameter Name="general.shortenLongPath" Val="true" Type="bool"/>
	</Parameters>
	<ProductInfo Name="vivado"/>
</Runs>

