<?xml version="1.0" encoding="UTF-8"?>
<GenRun Id="processing_system_adc_to_axis_0_0_synth_1" LaunchPart="xc7z010clg400-1" LaunchTime="1706681051">
  <File Type="PA-TCL" Name="processing_system_adc_to_axis_0_0.tcl"/>
  <File Type="REPORTS-TCL" Name="processing_system_adc_to_axis_0_0_reports.tcl"/>
  <File Type="RDS-RDS" Name="processing_system_adc_to_axis_0_0.vds"/>
  <File Type="RDS-UTIL" Name="processing_system_adc_to_axis_0_0_utilization_synth.rpt"/>
  <File Type="RDS-UTIL-PB" Name="processing_system_adc_to_axis_0_0_utilization_synth.pb"/>
  <File Type="RDS-DCP" Name="processing_system_adc_to_axis_0_0.dcp"/>
  <FileSet Name="sources" Type="BlockSrcs" RelSrcDir="$PSRCDIR/processing_system_adc_to_axis_0_0" RelGenDir="$PGENDIR/processing_system_adc_to_axis_0_0">
    <File Path="$PSRCDIR/sources_1/bd/processing_system/ip/processing_system_adc_to_axis_0_0/processing_system_adc_to_axis_0_0.xci">
      <FileInfo>
        <Attr Name="Library" Val="xil_defaultlib"/>
        <Attr Name="ImportPath" Val="$PPRDIR/../adc_test_2/adc_test_2.srcs/sources_1/bd/processing_system/ip/processing_system_adc_to_axis_0_0/processing_system_adc_to_axis_0_0.xci"/>
        <Attr Name="ImportTime" Val="0"/>
        <Attr Name="UsedIn" Val="synthesis"/>
        <Attr Name="UsedIn" Val="implementation"/>
        <Attr Name="UsedIn" Val="simulation"/>
      </FileInfo>
    </File>
    <Config>
      <Option Name="TopModule" Val="processing_system_adc_to_axis_0_0"/>
      <Option Name="UseBlackboxStub" Val="1"/>
    </Config>
  </FileSet>
  <FileSet Name="constrs_in" Type="BlockSrcs" RelSrcDir="$PSRCDIR/processing_system_adc_to_axis_0_0" RelGenDir="$PGENDIR/processing_system_adc_to_axis_0_0">
    <File Path="$PSRCDIR/sources_1/bd/processing_system/ip/processing_system_adc_to_axis_0_0/processing_system_adc_to_axis_0_0.xci">
      <FileInfo>
        <Attr Name="Library" Val="xil_defaultlib"/>
        <Attr Name="ImportPath" Val="$PPRDIR/../adc_test_2/adc_test_2.srcs/sources_1/bd/processing_system/ip/processing_system_adc_to_axis_0_0/processing_system_adc_to_axis_0_0.xci"/>
        <Attr Name="ImportTime" Val="0"/>
        <Attr Name="UsedIn" Val="synthesis"/>
        <Attr Name="UsedIn" Val="implementation"/>
        <Attr Name="UsedIn" Val="simulation"/>
      </FileInfo>
    </File>
    <Config>
      <Option Name="TopModule" Val="processing_system_adc_to_axis_0_0"/>
      <Option Name="UseBlackboxStub" Val="1"/>
    </Config>
  </FileSet>
  <FileSet Name="utils" Type="Utils" RelSrcDir="$PSRCDIR/utils_1" RelGenDir="$PGENDIR/utils_1">
    <Filter Type="Utils"/>
    <File Path="$PSRCDIR/utils_1/imports/synth_1/top.dcp">
      <FileInfo>
        <Attr Name="ImportPath" Val="$PPRDIR/../adc_test_2/adc_test_2.srcs/utils_1/imports/synth_1/top.dcp"/>
        <Attr Name="ImportTime" Val="1706576589"/>
        <Attr Name="UsedIn" Val="synthesis"/>
        <Attr Name="UsedIn" Val="implementation"/>
        <Attr Name="UsedInSteps" Val="synth_1"/>
        <Attr Name="AutoDcp" Val="1"/>
      </FileInfo>
    </File>
    <Config>
      <Option Name="TopAutoSet" Val="TRUE"/>
    </Config>
  </FileSet>
  <Strategy Version="1" Minor="2">
    <StratHandle Name="Vivado Synthesis Defaults" Flow="Vivado Synthesis 2023"/>
    <Step Id="synth_design"/>
  </Strategy>
</GenRun>
