<?xml version="1.0" encoding="UTF-8"?>
<GenRun Id="synth_1" LaunchPart="xc7z010clg400-1" LaunchTime="1706681513" LaunchIncrCheckpoint="$PSRCDIR/utils_1/imports/synth_1/top.dcp">
  <File Type="PA-TCL" Name="processing_system_wrapper.tcl"/>
  <File Type="REPORTS-TCL" Name="processing_system_wrapper_reports.tcl"/>
  <File Type="RDS-RDS" Name="processing_system_wrapper.vds"/>
  <File Type="RDS-UTIL" Name="processing_system_wrapper_utilization_synth.rpt"/>
  <File Type="RDS-UTIL-PB" Name="processing_system_wrapper_utilization_synth.pb"/>
  <File Type="RDS-DCP" Name="processing_system_wrapper.dcp"/>
  <FileSet Name="sources" Type="DesignSrcs" RelSrcDir="$PSRCDIR/sources_1" RelGenDir="$PGENDIR/sources_1">
    <Filter Type="Srcs"/>
    <File Path="$PSRCDIR/sources_1/new/adc_to_axis.vhd">
      <FileInfo>
        <Attr Name="UsedIn" Val="synthesis"/>
        <Attr Name="UsedIn" Val="simulation"/>
      </FileInfo>
    </File>
    <File Path="$PSRCDIR/sources_1/bd/processing_system/processing_system.bd">
      <FileInfo>
        <Attr Name="ImportPath" Val="$PPRDIR/../adc_test_2/adc_test_2.srcs/sources_1/bd/processing_system/processing_system.bd"/>
        <Attr Name="ImportTime" Val="1706577396"/>
        <Attr Name="UsedIn" Val="synthesis"/>
        <Attr Name="UsedIn" Val="implementation"/>
        <Attr Name="UsedIn" Val="simulation"/>
      </FileInfo>
    </File>
    <File Path="$PGENDIR/sources_1/bd/processing_system/hdl/processing_system_wrapper.vhd">
      <FileInfo>
        <Attr Name="ImportPath" Val="$PPRDIR/../adc_test_2/adc_test_2.gen/sources_1/bd/processing_system/hdl/processing_system_wrapper.vhd"/>
        <Attr Name="ImportTime" Val="1706576590"/>
        <Attr Name="UsedIn" Val="synthesis"/>
        <Attr Name="UsedIn" Val="simulation"/>
      </FileInfo>
    </File>
    <File Path="$PSRCDIR/sources_1/new/adc.vhd">
      <FileInfo>
        <Attr Name="AutoDisabled" Val="1"/>
        <Attr Name="ImportPath" Val="$PPRDIR/../adc_test_2/adc_test_2.srcs/sources_1/new/adc.vhd"/>
        <Attr Name="ImportTime" Val="1706507760"/>
        <Attr Name="UsedIn" Val="synthesis"/>
        <Attr Name="UsedIn" Val="simulation"/>
      </FileInfo>
    </File>
    <File Path="$PSRCDIR/sources_1/new/led.vhd">
      <FileInfo>
        <Attr Name="AutoDisabled" Val="1"/>
        <Attr Name="ImportPath" Val="$PPRDIR/../adc_test_2/adc_test_2.srcs/sources_1/new/led.vhd"/>
        <Attr Name="ImportTime" Val="1706507763"/>
        <Attr Name="UsedIn" Val="synthesis"/>
        <Attr Name="UsedIn" Val="simulation"/>
      </FileInfo>
    </File>
    <File Path="$PSRCDIR/sources_1/new/top.vhd">
      <FileInfo>
        <Attr Name="AutoDisabled" Val="1"/>
        <Attr Name="ImportPath" Val="$PPRDIR/../adc_test_2/adc_test_2.srcs/sources_1/new/top.vhd"/>
        <Attr Name="ImportTime" Val="1706575462"/>
        <Attr Name="UsedIn" Val="synthesis"/>
        <Attr Name="UsedIn" Val="simulation"/>
      </FileInfo>
    </File>
    <File Path="$PSRCDIR/sources_1/new/top_2.vhd">
      <FileInfo>
        <Attr Name="AutoDisabled" Val="1"/>
        <Attr Name="ImportPath" Val="$PPRDIR/../adc_test_2/adc_test_2.srcs/sources_1/new/top_2.vhd"/>
        <Attr Name="ImportTime" Val="1706511638"/>
        <Attr Name="UsedIn" Val="synthesis"/>
        <Attr Name="UsedIn" Val="simulation"/>
      </FileInfo>
    </File>
    <Config>
      <Option Name="DesignMode" Val="RTL"/>
      <Option Name="TopModule" Val="processing_system_wrapper"/>
    </Config>
  </FileSet>
  <FileSet Name="constrs_in" Type="Constrs" RelSrcDir="$PSRCDIR/constrs_1" RelGenDir="$PGENDIR/constrs_1">
    <Filter Type="Constrs"/>
    <File Path="$PSRCDIR/constrs_1/new/adc.xdc">
      <FileInfo>
        <Attr Name="ImportPath" Val="$PPRDIR/../adc_test_2/adc_test_2.srcs/constrs_1/new/adc.xdc"/>
        <Attr Name="ImportTime" Val="1706575383"/>
        <Attr Name="UsedIn" Val="synthesis"/>
        <Attr Name="UsedIn" Val="implementation"/>
      </FileInfo>
    </File>
    <File Path="$PSRCDIR/constrs_1/new/led.xdc">
      <FileInfo>
        <Attr Name="ImportPath" Val="$PPRDIR/../adc_test_2/adc_test_2.srcs/constrs_1/new/led.xdc"/>
        <Attr Name="ImportTime" Val="1706491120"/>
        <Attr Name="UsedIn" Val="synthesis"/>
        <Attr Name="UsedIn" Val="implementation"/>
      </FileInfo>
    </File>
    <Config>
      <Option Name="ConstrsType" Val="XDC"/>
    </Config>
  </FileSet>
  <FileSet Name="utils" Type="Utils" RelSrcDir="$PSRCDIR/utils_1" RelGenDir="$PGENDIR/utils_1">
    <Filter Type="Utils"/>
    <File Path="$PSRCDIR/utils_1/imports/synth_1/top.dcp">
      <FileInfo>
        <Attr Name="ImportPath" Val="$PPRDIR/../adc_test_2/adc_test_2.srcs/utils_1/imports/synth_1/top.dcp"/>
        <Attr Name="ImportTime" Val="1706576589"/>
        <Attr Name="UsedIn" Val="synthesis"/>
        <Attr Name="UsedIn" Val="implementation"/>
        <Attr Name="UsedInSteps" Val="synth_1"/>
        <Attr Name="AutoDcp" Val="1"/>
      </FileInfo>
    </File>
    <Config>
      <Option Name="TopAutoSet" Val="TRUE"/>
    </Config>
  </FileSet>
  <Strategy Version="1" Minor="2">
    <StratHandle Name="Vivado Synthesis Defaults" Flow="Vivado Synthesis 2023"/>
    <Step Id="synth_design"/>
  </Strategy>
  <BlockFileSet Type="BlockSrcs" Name="processing_system_processing_system7_0_0"/>
  <BlockFileSet Type="BlockSrcs" Name="processing_system_adc_to_axis_0_0"/>
</GenRun>
